"skim_variable","n_missing","complete_rate","mean","sd","p0","p25","p50","p75","p100","hist"
"age",0,1,53.9721669980119,8.96313440989577,30,47,54,61,69,"▁▃▇▇▇"
"tumor_size",0,1,30.4736580516899,21.1196960904128,1,16,25,38,140,"▇▃▁▁▁"
"regional_node_examined",0,1,14.3571073558648,8.09967480665475,1,9,14,19,61,"▇▇▁▁▁"
"reginol_node_positive",0,1,4.15805168986083,5.10933112162223,1,1,2,5,46,"▇▁▁▁▁"
