"Variable","Full_Coef","Full_SE","No_Outliers_Coef","No_Outliers_SE","Robust_Coef","Robust_SE"
"(Intercept)",-5.89243872870912,1.30699295044424,-30.5906172345221,438.726680466455,-5.02731088160037,1.37993073252957
"raceOther",-0.427235227431094,0.201036519032753,-2.87714234372828,0.725374758176871,-0.57454667730379,0.228173645215155
"grade2",0.530996105532166,0.183139728608529,16.6585871820503,438.722333334413,0.407961374447548,0.193534239059243
"grade3",0.906003024019528,0.191705836588999,17.2084474335774,438.722339165616,0.780135779863172,0.201394632899294
"grade4",1.85041350187616,0.542156467424869,17.639998167946,438.725901039498,1.69667095884089,0.54726045947171
